<?xml version="1.0"?>
<local>
	<msg id="menu_search">Simple search</msg>
	<msg id="table_empty">This table is empty</msg>
	<msg id="page_search_results">Search results</msg>
	<msg id="next_page">Next page</msg>
	<msg id="previous_page">Previous page</msg>
	<msg id="js_display_list">Display list</msg>
	<msg id="js_new">Create new</msg>
	<msg id="js_modify">Modify</msg>
	<msg id="js_save">Save</msg>
	<msg id="js_delete">Delete</msg>	
	<msg id="js_search">Search</msg>		
	<msg id="js_extract">Extract</msg>	
	<msg id="js_confirm">Are you sure you really want to kill that one ?</msg>		
	
	<msg id="invalid_form_submit">Please correct the following fields : </msg>
	<msg id="sql_no_table">Table %s does not exist in the database %s</msg>
	<msg id="date_format">yyyy-mm-dd</msg>
	
</local>
