<?xml version="1.0" encoding="UTF-8" standalone="yes"?>

<LanguagePrompts xml:lang="en-US">
	<Language>
		<Name>English</Name>
		<ISO>eng</ISO>
	</Language>
	<Prompt>
		<Key>title</Key>
		<Value>FishCart Installer</Value>
	</Prompt>
	<Prompt>
		<Key>accept</Key>
		<Value>Accept</Value>
	</Prompt>
	<Prompt>
		<Key>address</Key>
		<Value>Address:</Value>
	</Prompt>
	<Prompt>
		<Key>back</Key>
		<Value>Back</Value>
		<Mnemonic>B</Mnemonic>
	</Prompt>
	<Prompt>
		<Key>cancel</Key>
		<Value>Cancel</Value>
		<Mnemonic>n</Mnemonic>
	</Prompt>
	<Prompt>
		<Key>check all</Key>
		<Value>Check All</Value>
		<Mnemonic>l</Mnemonic>
	</Prompt>
	<Prompt>
		<Key>close</Key>
		<Value>Close</Value>
		<Mnemonic>C</Mnemonic>
	</Prompt>
	<Prompt>
		<Key>continue</Key>
		<Value>Continue</Value>
		<Mnemonic>C</Mnemonic>
	</Prompt>
	<Prompt>
		<Key>do not accept</Key>
		<Value>Do Not Accept</Value>
	</Prompt>
	<Prompt>
		<Key>exit</Key>
		<Value>Exit</Value>
		<Mnemonic>x</Mnemonic>
	</Prompt>
	<Prompt>
		<Key>fishcart directory</Key>
		<Value>FishCart Directory:</Value>
	</Prompt>
	<Prompt>
		<Key>finish</Key>
		<Value>Finish</Value>
		<Mnemonic>F</Mnemonic>
	</Prompt>
	<Prompt>
		<Key>ftp</Key>
		<Value>FTP</Value>
	</Prompt>
	<Prompt>
		<Key>instid label</Key>
		<Value>Installer ID:</Value>
	</Prompt>
	<Prompt>
		<Key>localhost</Key>
		<Value>localhost</Value>
	</Prompt>
	<Prompt>
		<Key>no</Key>
		<Value>No</Value>
		<Mnemonic>N</Mnemonic>
	</Prompt>
	<Prompt>
		<Key>password</Key>
		<Value>Password:</Value>
	</Prompt>
	<Prompt>
		<Key>thank you</Key>
		<Value>Thank You</Value>
	</Prompt>
	<Prompt>
		<Key>trailing slash</Key>
		<Value>(no trailing '/')</Value>
	</Prompt>
	<Prompt>
		<Key>uncheck all</Key>
		<Value>Uncheck All</Value>
		<Mnemonic>U</Mnemonic>
	</Prompt>
	<Prompt>
		<Key>username</Key>
		<Value>Username:</Value>
	</Prompt>
	<Prompt>
		<Key>yes</Key>
		<Value>Yes</Value>
		<Mnemonic>Y</Mnemonic>
	</Prompt>
	<Prompt>
		<Page>cybercash</Page>
		<Key>id</Key>
		<Value>CyberCash ID:</Value>
	</Prompt>
	<Prompt>
		<Page>cybercash</Page>
		<Key>merchant</Key>
		<Value>Merchant Key:</Value>
	</Prompt>
	<Prompt>
		<Page>cybercash</Page>
		<Key>main</Key>
		<Value>Fill out this screen only if you are using VeriSign CyberCash. If you are not going to use the CyberCash verification/clearing system, please leave these fields blank and click "Continue."</Value>
	</Prompt>
	<Prompt>
		<Page>db</Page>
		<Key>choice text</Key>
		<Value>Please choose the database system and database access method that will be used for this FishCart.  Typically native methods are used on Unix servers, and ODBC on NT servers.</Value>
	</Prompt>
	<Prompt>
		<Page>db</Page>
		<Key>init text</Key>
		<Value>
SAVING YOUR INFORMATION: you may want to save this information for easy re-use.
Click the above button to either save changes to the open profile or to save it to
a file of your choosing.  It is recommended to save the profile outside the Installer
file tree for ease of access from later versions of the Installer.

This final step sets up the database tables and loads a few initial values into your
installed FishCart. If you are updating a FishCart and do not want to overwrite the 
tables you may already have set up, click "Cancel".  Otherwise click "Continue" to
proceed. NOTE: your FishCart SQL user must have create table privileges for this
final step to successfully complete.

When this step is complete, you should be able to access your FishCart at the URL
you entered previously.  If there are problems, carefully review the information you 
entered for typing errors.  If it is correct, review the FAQ for information that may
apply to your situation.  You can also ask for help on the FishCart support list; see
http://fishcart.org/subscribe.html for more information.

When the cart is responding with the opening page, you can go to the installed URL
plus "/maint" to add subzone and shipping profiles, categories, and products.  Be sure
and password protect the "/maint" directory.

Thank you again for your interest in FishCart!</Value>
	</Prompt>
	<Prompt>
		<Page>db</Page>
		<Key>mssql</Key>
		<Value>MSSQL</Value>
	</Prompt>
	<Prompt>
		<Page>db</Page>
		<Key>mysql</Key>
		<Value>MySQL (Native)</Value>
		<Mnemonic>M</Mnemonic>
	</Prompt>
	<Prompt>
		<Page>db</Page>
		<Key>mysql odbc</Key>
		<Value>MySQL (ODBC)</Value>
	</Prompt>
	<Prompt>
		<Page>db</Page>
		<Key>oracle</Key>
		<Value>Oracle</Value>
		<Mnemonic>O</Mnemonic>
	</Prompt>
	<Prompt>
		<Page>db</Page>
		<Key>postgres</Key>
		<Value>PostGres (Native)</Value>
		<Mnemonic>P</Mnemonic>
	</Prompt>
	<Prompt>
		<Page>db</Page>
		<Key>postgres odbc</Key>
		<Value>PostGres (ODBC)</Value>
	</Prompt>
	<Prompt>
		<Page>db</Page>
		<Key>solid</Key>
		<Value>Solid</Value>
		<Mnemonic>S</Mnemonic>
	</Prompt>
	<Prompt>
		<Page>dbinfo</Page>
		<Key>intro</Key>
		<Value>Please fill out all available information about your database.</Value>
	</Prompt>
	<Prompt>
		<Page>dbinfo</Page>
		<Key>access text</Key>
		<Value>Enter your database user name and password below.</Value>
	</Prompt>
	<Prompt>
		<Page>dbinfo</Page>
		<Key>localhost text</Key>
		<Value>Web and database servers are on the same computer.</Value>
	</Prompt>
	<Prompt>
		<Page>dbinfo</Page>
		<Key>localhost pipe label</Key>
		<Value>upipe solid</Value>
	</Prompt>
	<Prompt>
		<Page>dbinfo</Page>
		<Key>nonroot button</Key>
		<Value>Non-Administrator</Value>
	</Prompt>
	<Prompt>
		<Page>dbinfo</Page>
		<Key>password</Key>
		<Value>Password:</Value>
	</Prompt>
	<Prompt>
		<Page>dbinfo</Page>
		<Key>root button</Key>
		<Value>Administrator</Value>
	</Prompt>
	<Prompt>
		<Page>dbinfo</Page>
		<Key>tcpip text</Key>
		<Value>
If the database server is on a different physical computer, enter the address
FishCart will use to access it. (ex.- tcpip somehost.somedomain.tld 1313)</Value>
	</Prompt>
	<Prompt>
		<Page>dbinfo</Page>
		<Key>username</Key>
		<Value>User ID:</Value>
	</Prompt>
	<Prompt>
		<Page>dbuser</Page>
		<Key>admin text</Key>
		<Value>FishCart Administration: for use with the maintenance pages to access non-public tables.</Value>
	</Prompt>
	<Prompt>
		<Page>dbuser</Page>
		<Key>cc text</Key>
		<Value>FishCart Split Credit Card: for use with split credit card tables.</Value>
	</Prompt>
	<Prompt>
		<Page>dbuser</Page>
		<Key>public text</Key>
		<Value>FishCart Public Side: for use with the public pages of FishCart to retrieve and view table information.</Value>
	</Prompt>
	<Prompt>
		<Page>dbuser</Page>
		<Key>main</Key>
		<Value>Since you have root access to the database, this will define the users to be created for use with this FishCart installation.</Value>
	</Prompt>
	<Prompt>
		<Page>dirinfo</Page>
		<Key>docroot label</Key>
		<Value>Document Root:</Value>
	</Prompt>
	<Prompt>
		<Page>dirinfo</Page>
		<Key>docroot text</Key>
		<Value>Please type in the full directory path to the directory that contains your web site (i.e.- '/home/www/acme'). If you do not know this information, leave this field blank.</Value>
	</Prompt>
	<Prompt>
		<Page>dirinfo</Page>
		<Key>fcdir text</Key>
		<Value>FishCart is typically installed in a directory under your website (example: 'http://www.acme.com/store'). Please select a name for this directory below, such as "/store" or "/catalog", or leave it blank to install into the top level directory.  If the subdirectory does not exist it will be created for you.</Value>
	</Prompt>
	<Prompt>
		<Page>dirinfo</Page>
		<Key>secroot label</Key>
		<Value>Secure Root:</Value>
	</Prompt>
	<Prompt>
		<Page>dirinfo</Page>
		<Key>secroot text</Key>
		<Value>If the full directory path for the secure installation is different, please type it in below.  If you do not know this information leave it blank.</Value>
	</Prompt>
	<Prompt>
		<Page>dsninfo</Page>
		<Key>main</Key>
		<Value>Enter this information only if you are installing FishCart onto a Windows NT server.  On NT, FishCart accesses the database via ODBC.  Otherwise, leave this page blank.</Value>
	</Prompt>
	<Prompt>
		<Page>dsninfo</Page>
		<Key>password</Key>
		<Value>DSN Password:</Value>
	</Prompt>
	<Prompt>
		<Page>dsninfo</Page>
		<Key>system</Key>
		<Value>System DSN:</Value>
	</Prompt>
	<Prompt>
		<Page>dsninfo</Page>
		<Key>user</Key>
		<Value>DSN User ID:</Value>
	</Prompt>
	<Prompt>
		<Page>ftp</Page>
		<Key>address hint</Key>
		<Value>(ex.- acme.com or ftp.acme.com)</Value>
	</Prompt>
	<Prompt>
		<Page>ftp</Page>
		<Key>main</Key>
		<Value>If the Web files are in a directory under the FTP login directory, enter the appropriate names in "Web Directory" (example: "/public_html") and the "Secure Directory" fields (example: "/secure_html").  If your hosting environment does not use these, leave them blank.

Please use '/', not '\', in all directory paths regardless of server type.

It is normal for the Installer not to respond during the FTP upload process; please be patient, as this process may take up to several minutes to complete depending on the speed of your Internet connection.
</Value>
	</Prompt>
	<Prompt>
		<Page>ftp</Page>
		<Key>secure directory</Key>
		<Value>Secure Directory:</Value>
	</Prompt>
	<Prompt>
		<Page>ftp</Page>
		<Key>web directory</Key>
		<Value>Web Directory:</Value>
	</Prompt>
	<Prompt>
		<Page>htmlinfo</Page>
		<Key>bground label</Key>
		<Value>Background:</Value>
	</Prompt>
	<Prompt>
		<Page>htmlinfo</Page>
		<Key>bground text</Key>
		<Value>Please enter the path to the background graphic (if known) relative to the document root directory specified earlier (ex.- '/images/background.png').</Value>
	</Prompt>
	<Prompt>
		<Page>htmlinfo</Page>
		<Key>company name</Key>
		<Value>Full Company Name (including HTML tags, if needed)</Value>
	</Prompt>
	<Prompt>
		<Page>htmlinfo</Page>
		<Key>deflang label</Key>
		<Value>Default Language for this FishCart:</Value>
	</Prompt>
	<Prompt>
		<Page>htmlinfo</Page>
		<Key>main</Key>
		<Value>This information will help determine the appearance of the cart.  If you do not know the address for the masthead and background graphics, leave them blank.  This information can be changed after installation in the FishCart administration area.</Value>
	</Prompt>
	<Prompt>
		<Page>htmlinfo</Page>
		<Key>masthead label</Key>
		<Value>Masthead:</Value>
	</Prompt>
	<Prompt>
		<Page>htmlinfo</Page>
		<Key>masthead text</Key>
		<Value>Please enter the path to the masthead graphic (if known) relative to the document root directory specified earlier (ex.- '/images/masthead.png').</Value>
	</Prompt>
	<Prompt>
		<Page>installtarget</Page>
		<Key>main</Key>
		<Value>If you are running the Installer on the same physical computer on which you are installing FishCart, you can complete the installation by choosing "localhost".  Otherwise, choose "FTP" to proceed to fill out the FTP login information for your site.</Value>
	</Prompt>
	<Prompt>
		<Page>main</Page>
		<Key>restart button</Key>
		<Value>Start Over</Value>
		<Mnemonic>R</Mnemonic>
		<Tip>Force return to main FishCart installation screen (N.B. will abandon current position)</Tip>
	</Prompt>
	<Prompt>
		<Page>main</Page>
		<Key>open profile button</Key>
		<Value>Open Profile</Value>
		<Mnemonic>I</Mnemonic>
		<Tip>Open a previously saved FishCart profile</Tip>
	</Prompt>
	<Prompt>
		<Page>main</Page>
		<Key>install button</Key>
		<Value>Install FishCart</Value>
		<Mnemonic>I</Mnemonic>
		<Tip>Begin FishCart Installation</Tip>
	</Prompt>
	<Prompt>
		<Page>main</Page>
		<Key>install text</Key>
		<Value>Welcome to the FishCart Installer!  This program will help you install FishCart quickly and efficiently by FTP onto your Web site.  To install the FishCart version included with this Installer, click the Install FishCart button.

To install FishCart from a different source tree, select File / Find Source Tree, then browse to the FishCart source directory (usually called "fishcart_v3").  

You may want to review the information needed to install FishCart under Documents / CHECKLIST.  If you do not know it, you will need to obtain the information from your system administrator or hosting provider.

If you have previously installed FishCart and saved the profile, you can open it now from File / Open Profile.  Then click the 'Install FishCart' button.  You will need to scroll to the bottom of some screens to accept the terms and proceed.

This is the community supported version of the Installer.  Support is available from the FishCart mailing list, 'fishcart@fishcart.org'.  You can subscribe to the list from the FishCart open source web site at http://fishcart.org/subscribe.html.  You must be subscribed to send to the list.

FishNet also offers fee based installation, support, and custom development for the Installer to help you meet your particular needs.  For more information please see http://www.fishnetinc.com/install_support.html.

The Installer periodically retrieves sponsor banners from an Internet server.  No information you enter is revealed to the banner server.  Because we respect your privacy, the Installer makes available only the information you voluntarily and optionally enter on the Registration page.

Thank you again for your interest in FishCart, and happy installing!</Value>
		<Tip></Tip>
	</Prompt>
	<Prompt>
		<Page>menu</Page>
		<Key>about</Key>
		<Value>About</Value>
		<Mnemonic>A</Mnemonic>
	</Prompt>
	<Prompt>
		<Page>menu</Page>
		<Key>browse</Key>
		<Value>Find Source Tree</Value>
		<Mnemonic>T</Mnemonic>
                <Tip>Browse your local filesystem for a Fishcart source tree</Tip>
	</Prompt>
	<Prompt>
		<Page>menu</Page>
		<Key>checklist</Key>
		<Value>CHECKLIST</Value>
		<Mnemonic>C</Mnemonic>
	</Prompt>
	<Prompt>
		<Page>menu</Page>
		<Key>documents</Key>
		<Value>Documents</Value>
		<Mnemonic>D</Mnemonic>
		<Tip>README, FAQ, etc.</Tip>
	</Prompt>
	<Prompt>
		<Page>menu</Page>
		<Key>eula</Key>
		<Value>EULA</Value>
		<Mnemonic>E</Mnemonic>
		<Tip>End-User License Agreement</Tip>
	</Prompt>
	<Prompt>
		<Page>menu</Page>
		<Key>faq</Key>
		<Value>FAQ</Value>
		<Mnemonic>Q</Mnemonic>
		<Tip>Frequently Asked Questions</Tip>
	</Prompt>
	<Prompt>
		<Page>menu</Page>
		<Key>file</Key>
		<Value>File</Value>
		<Mnemonic>F</Mnemonic>
	</Prompt>
	<Prompt>
		<Page>menu</Page>
		<Key>install</Key>
		<Value>Install</Value>
		<Mnemonic>I</Mnemonic>
	</Prompt>
	<Prompt>
		<Page>menu</Page>
		<Key>modules</Key>
		<Value>Modules</Value>
		<Mnemonic>M</Mnemonic>
		<Tip>Additional FishCart modules to be installed</Tip>
	</Prompt>
	<Prompt>
		<Page>menu</Page>
		<Key>open</Key>
		<Value>Open profile...</Value>
		<Mnemonic>O</Mnemonic>
	</Prompt>
	<Prompt>
		<Page>menu</Page>
		<Key>readme</Key>
		<Value>README</Value>
		<Mnemonic>R</Mnemonic>
	</Prompt>
	<Prompt>
		<Page>menu</Page>
		<Key>support</Key>
		<Value>SUPPORT</Value>
		<Mnemonic>S</Mnemonic>
	</Prompt>
	<Prompt>
		<Page>menu</Page>
		<Key>save</Key>
		<Value>Save profile...</Value>
		<Mnemonic>S</Mnemonic>
	</Prompt>
	<Prompt>
		<Page>menu</Page>
		<Key>save as</Key>
		<Value>Save profile as...</Value>
		<Mnemonic>S</Mnemonic>
	</Prompt>
	<Prompt>
		<Page>menu</Page>
		<Key>template_faq</Key>
		<Value>TEMPLATE_FAQ</Value>
		<Mnemonic>T</Mnemonic>
	</Prompt>
	<Prompt>
		<Page>mysql</Page>
		<Key>dbname</Key>
		<Value>Database Name:</Value>
	</Prompt>
	<Prompt>
		<Page>mysql</Page>
		<Key>remote text</Key>
		<Value>
If the database server is on a different physical computer, enter the address
FishCart will use to access it. (ex.- dbhost.acme.com)</Value>
	</Prompt>
	<Prompt>
		<Page>orderinfo</Page>
		<Key>aid label</Key>
		<Value>Default AID:</Value>
	</Prompt>
	<Prompt>
		<Page>orderinfo</Page>
		<Key>aid text</Key>
		<Value>If you will be using Associate ID information to identify the source of an access to FishCart, please enter a default Associate ID now.</Value>
	</Prompt>
	<Prompt>
		<Page>orderinfo</Page>
		<Key>confemail label</Key>
		<Value>Confirmation Email:</Value>
	</Prompt>
	<Prompt>
		<Page>orderinfo</Page>
		<Key>confemail text</Key>
		<Value>Enter a confirmation email address to be sent in the "From:" field of the confirmation email sent to a customer after ordering.</Value>
	</Prompt>
	<Prompt>
		<Page>orderinfo</Page>
		<Key>email note</Key>
		<Value>(separate email addresses with commas)</Value>
	</Prompt>
	<Prompt>
		<Page>orderinfo</Page>
		<Key>orderemail label</Key>
		<Value>Order Email:</Value>
	</Prompt>
	<Prompt>
		<Page>orderinfo</Page>
		<Key>orderemail text</Key>
		<Value>Please choose email addresses for the order form information to be sent to.  To help insure that orders are not lost, more than one address is recommended, on different servers if possible.</Value>
	</Prompt>
	<Prompt>
		<Page>orderinfo</Page>
		<Key>pgp label</Key>
		<Value>PGP Key ID:</Value>
	</Prompt>
	<Prompt>
		<Page>orderinfo</Page>
		<Key>pgp text</Key>
		<Value>A PGP Key ID can be used for encrypting email with order information.  DO NOT fill this field in if you are using the split credit card system (recommended) or unencrypted email (not recommended).</Value>
	</Prompt>
	<Prompt>
		<Page>profile</Page>
		<Key>create</Key>
		<Value>Open or Create</Value>
		<Mnemonic>O</Mnemonic>
	</Prompt>
	<Prompt>
		<Page>profile</Page>
		<Key>title</Key>
		<Value>Find Profile</Value>
	</Prompt>
	<Prompt>
		<Page>regex</Page>
		<Key>main</Key>
		<Value>The information you have provided will now be integrated into the FishCart files in preparation for uploading to your server.  This may take a few moments.  It is normal during this time that the Installer will not respond.

If this is a re-installation and you have modified the CSS style sheet and/or the language prompt files, check the box below to keep your changes.</Value>
	</Prompt>
	<Prompt>
		<Page>regex</Page>
		<Key>save files</Key>
		<Value>Do not overwrite style sheet and language files.</Value>
	</Prompt>
	<Prompt>
		<Page>template</Page>
		<Key>add</Key>
		<Value>Add Template</Value>
		<Mnemonic>A</Mnemonic>
	</Prompt>
	<Prompt>
		<Page>template</Page>
		<Key>apply</Key>
		<Value>Apply Template(s)</Value>
		<Mnemonic>p</Mnemonic>
	</Prompt>
	<Prompt>
		<Page>template</Page>
		<Key>custom main</Key>
		<Value>Either click Check All or check just the pages you want to apply the template to, then select your own template with Add Template, then click Apply Templates.  Refer to TEMPLATE_FAQ for detailed template instructions.</Value>
	</Prompt>
	<Prompt>
		<Page>template</Page>
		<Key>custom</Key>
		<Value>Custom</Value>
	</Prompt>
	<Prompt>
		<Page>template</Page>
		<Key>custom or prefab</Key>
		<Value>Would you like to use a pre-built template from the FishCart distribution or have you made your own custom template?</Value>
	</Prompt>
	<Prompt>
		<Page>template</Page>
		<Key>prefab</Key>
		<Value>Distribution</Value>
	</Prompt>
	<Prompt>
		<Page>template</Page>
		<Key>prefab main</Key>
		<Value>To preview a template, choose "Preview."  When you have made your decision, choose "Apply Template."</Value>
	</Prompt>
	<Prompt>
		<Page>template</Page>
		<Key>preview</Key>
		<Value>Preview Template</Value>
	</Prompt>
	<Prompt>
		<Page>template</Page>
		<Key>with</Key>
		<Value>With Templates</Value>
	</Prompt>
	<Prompt>
		<Page>template</Page>
		<Key>with or without</Key>
		<Value>FishCart can be installed into a Web page template included with the Installer, or into a Web page template of your own design.  This is an excellent way to quickly enhance the look and feel of your installed FishCart.  For more information see Documentation / TEMPLATE_FAQ.

Please select the appropriate button.</Value>
	</Prompt>
	<Prompt>
		<Page>template</Page>
		<Key>without</Key>
		<Value>Without Templates</Value>
	</Prompt>
	<Prompt>
		<Page>webinfo</Page>
		<Key>domain label</Key>
		<Value>Domain:</Value>
	</Prompt>
	<Prompt>
		<Page>webinfo</Page>
		<Key>domain text</Key>
		<Value>Enter your domain name (example: acme.com or acme.co.uk).  Enter only the second level domain (acme) and the top level domain (.com, .net, .co.uk, etc.)  Do not enter components such as "www".</Value>
	</Prompt>
	<Prompt>
		<Page>webinfo</Page>
		<Key>instid</Key>
		<Value>Choose a FishCart ID for this installation.  Each FishCart installation on a server must have a unique ID to identify it.  Please choose a unique and descriptive ID of no more than 20 numbers or letters only (examples: "fc", "store3").</Value>
	</Prompt>
	<Prompt>
		<Page>webinfo</Page>
		<Key>securl text</Key>
		<Value>Please enter the complete URL for the site where secure portions of the FishCart catalog will be kept. This may be the same as your non-secure URL, or it might be something like http://secure.acme.com/~username or http://secure.acme.com:444/~username.</Value>
	</Prompt>
	<Prompt>
		<Page>webinfo</Page>
		<Key>url text</Key>
		<Value>Please enter the complete URL for the non-secure website where this FishCart will be installed. (example: http://www.acme.com)</Value>
	</Prompt>

	<Prompt>
		<Page>qb</Page>
		<Key>title</Key>
		<Value>QuickBooks Export Module</Value>
		<Mnemonic>Q</Mnemonic>
	</Prompt>
	<Prompt>
		<Page>qb</Page>
		<Key>welcome text</Key>
		<Value>This will install the necessary tools for exporting into QuickBooks environments</Value>
	</Prompt>
	<Prompt>
		<Page>qb install</Page>
		<Key>finish text</Key>
		<Value>The QuickBooks tools will be installed with this FishCart installation. Please install FishCart now. After installation, you may access the tools from the "qb" directory under the maintenance directory.</Value>
	</Prompt>
	<Prompt>
		<Page>qb ftp</Page>
		<Key>finish text</Key>
		<Value>The QuickBooks tools has now be installed. Please type in the website address and the SQL tables will be set up.</Value>
	</Prompt>
	<Prompt>
		<Page>qb ftp</Page>
		<Key>instid text</Key>
		<Value>Enter an Installer ID</Value>
	</Prompt>
	<Prompt>
		<Page>qb ftporinstall</Page>
		<Key>ftp button</Key>
		<Value>Go to FTP Options</Value>
        <Mnemonic>F</Mnemonic>
	</Prompt>
	<Prompt>
		<Page>qb ftporinstall</Page>
		<Key>ftp text</Key>
		<Value>If you have already installed FishCart and would like to add QuickBooks Exporting, please click below to upload the QuickBooks Export Feature over FTP.</Value>
	</Prompt>
	<Prompt>
		<Page>qb ftporinstall</Page>
		<Key>install button</Key>
		<Value>Install With FishCart</Value>
		<Mnemonic>I</Mnemonic>
	</Prompt>
	<Prompt>
		<Page>qb ftporinstall</Page>
		<Key>install text</Key>
		<Value>If you are about to install FishCart, please click below and the QuickBooks files will be installed with the rest of FishCart.</Value>
	</Prompt>
	<Prompt>
		<Page>jsp</Page>
		<Key>directory label</Key>
		<Value>JSP Directory:</Value>
	</Prompt>
	<Prompt>
		<Page>jsp</Page>
		<Key>directory text</Key>
		<Value>Please enter the complete directory information that is required to access the JSP applications on the JSP server. If you are connecting to FishNet, this will be 'apps'.</Value>
	</Prompt>
	<Prompt>
		<Page>jsp</Page>
		<Key>login text</Key>
		<Value>Please enter the username and password if they are needed for connecting to your JSP server. If you are connecting to FishNet for JSP hosting, this should have been provided to you on purchase.</Value>
	</Prompt>
	<Prompt>
		<Page>jsp</Page>
		<Key>url text</Key>
		<Value>Please enter the complete URL for the site where JSP applications will be kept. If you are connecting to FishNet for JSP hosting, the address will be upsgate.fishnet.us.</Value>
	</Prompt>
	<Prompt>
		<Page>ups</Page>
		<Key>title</Key>
		<Value>UPS Registration</Value>
	</Prompt>
</LanguagePrompts>
