<?xml version="1.0" encoding="UTF-8"?>
<DOCUMENT><DATA><ID>f4f1f920a5f0bcb9af6a8107a7bbc3d4</ID><TITLE><![CDATA[ Hie !  ]]></TITLE><TIME>1072869135</TIME><HOME><![CDATA[<p align="justify">If you can see this fews words, it means that you have already downloaded the AX files and you are running it. To begin publishing you just have to go at the bottom of the page and click 'admin'. Fill your password (it might be '<em><strong>axpassword</strong></em>' for the first time) and simply read what it 's displayed on the screen...</p><p align="center">For any question or bugs :<br />You can write me at <a href="mailto:contact@pjduvivier.com">contact@pjduvivier.com</a><br />Or go to the forum at :<br /><a href="http://forum.agora-fr.org/">http://forum.agora-fr.org</a></p><p /><p />]]></HOME><BDY><![CDATA[zzdzd]]></BDY><URL>?url=f4f1f920a5f0bcb9af6a8107a7bbc3d4</URL></DATA></DOCUMENT>
