<?xml version="1.0" encoding="UTF-8"?>
<local>
	<msg id="menu_search">Recherche simple</msg>
	<msg id="page_search_results">Voici les résultats de votre recherche</msg>
	<msg id="next_page">Page suivante</msg>
	<msg id="previous_page">Page précédente</msg>
	<msg id="js_display_list">Afficher la liste</msg>
	<msg id="js_new">Nouveau</msg>
	<msg id="js_modify">Modifier</msg>
	<msg id="js_save">Enregistrer</msg>
	<msg id="js_delete">Supprimer</msg>	
	<msg id="js_search">Recherche</msg>		
	<msg id="js_extract">Extraction</msg>		
	<msg id="js_confirm">Attention, confirmez vous cette suppression ?</msg>	
</local>
