<?xml version="1.0"?>
<Workbook xmlns="urn:schemas-microsoft-com:office:spreadsheet"
 xmlns:o="urn:schemas-microsoft-com:office:office"
 xmlns:x="urn:schemas-microsoft-com:office:excel"
 xmlns:ss="urn:schemas-microsoft-com:office:spreadsheet"
 xmlns:html="http://www.w3.org/TR/REC-html40">
 <DocumentProperties xmlns="urn:schemas-microsoft-com:office:office">
  <Author>Sergey</Author>
  <LastAuthor>Sergey</LastAuthor>
  <Created>2004-07-02T16:05:31Z</Created>
  <Version>10.2625</Version>
 </DocumentProperties>
 <OfficeDocumentSettings xmlns="urn:schemas-microsoft-com:office:office">
  <DownloadComponents/>
  <LocationOfComponents HRef="file:///D:\dist\OfficeXP\"/>
 </OfficeDocumentSettings>
 <ExcelWorkbook xmlns="urn:schemas-microsoft-com:office:excel">
  <WindowHeight>5835</WindowHeight>
  <WindowWidth>11355</WindowWidth>
  <WindowTopX>240</WindowTopX>
  <WindowTopY>120</WindowTopY>
  <RefModeR1C1/>
  <ProtectStructure>False</ProtectStructure>
  <ProtectWindows>False</ProtectWindows>
 </ExcelWorkbook>
 <Styles>
  <Style ss:ID="Default" ss:Name="Normal">
   <Alignment ss:Vertical="Bottom"/>
   <Borders/>
   <Font ss:FontName="Arial Cyr" x:CharSet="204"/>
   <Interior/>
   <NumberFormat/>
   <Protection/>
  </Style>
  <Style ss:ID="m14182892">
   <Alignment ss:Horizontal="Center" ss:Vertical="Center"/>
   <Borders>
    <Border ss:Position="Bottom" ss:LineStyle="Continuous" ss:Weight="1"/>
    <Border ss:Position="Left" ss:LineStyle="Continuous" ss:Weight="1"/>
    <Border ss:Position="Right" ss:LineStyle="Continuous" ss:Weight="1"/>
    <Border ss:Position="Top" ss:LineStyle="Continuous" ss:Weight="1"/>
   </Borders>
   <Font ss:FontName="Arial Cyr" x:CharSet="204" ss:Size="14" ss:Bold="1"/>
  </Style>
  <Style ss:ID="m14182902">
   <Alignment ss:Horizontal="Center" ss:Vertical="Center"/>
   <Borders>
    <Border ss:Position="Bottom" ss:LineStyle="Continuous" ss:Weight="1"/>
    <Border ss:Position="Left" ss:LineStyle="Continuous" ss:Weight="1"/>
    <Border ss:Position="Right" ss:LineStyle="Continuous" ss:Weight="1"/>
    <Border ss:Position="Top" ss:LineStyle="Continuous" ss:Weight="1"/>
   </Borders>
   <Font ss:FontName="Arial Cyr" x:CharSet="204" ss:Size="14" ss:Bold="1"/>
  </Style>
  <Style ss:ID="m14182912">
   <Alignment ss:Horizontal="Center" ss:Vertical="Center"/>
   <Borders>
    <Border ss:Position="Bottom" ss:LineStyle="Continuous" ss:Weight="1"/>
    <Border ss:Position="Left" ss:LineStyle="Continuous" ss:Weight="1"/>
    <Border ss:Position="Right" ss:LineStyle="Continuous" ss:Weight="1"/>
    <Border ss:Position="Top" ss:LineStyle="Continuous" ss:Weight="1"/>
   </Borders>
   <Font ss:FontName="Arial Black" x:CharSet="204" x:Family="Swiss" ss:Size="18"
    ss:Color="#339966"/>
   <Interior ss:Color="#993300" ss:Pattern="Solid"/>
  </Style>
  <Style ss:ID="m14182922">
   <Alignment ss:Horizontal="Left" ss:Vertical="Bottom"/>
   <Borders>
    <Border ss:Position="Bottom" ss:LineStyle="Continuous" ss:Weight="1"/>
    <Border ss:Position="Left" ss:LineStyle="Continuous" ss:Weight="1"/>
    <Border ss:Position="Right" ss:LineStyle="Continuous" ss:Weight="1"/>
    <Border ss:Position="Top" ss:LineStyle="Continuous" ss:Weight="1"/>
   </Borders>
  </Style>
  <Style ss:ID="m14182932">
   <Alignment ss:Horizontal="Right" ss:Vertical="Bottom"/>
   <Borders>
    <Border ss:Position="Bottom" ss:LineStyle="Continuous" ss:Weight="1"/>
    <Border ss:Position="Left" ss:LineStyle="Continuous" ss:Weight="1"/>
    <Border ss:Position="Right" ss:LineStyle="Continuous" ss:Weight="1"/>
    <Border ss:Position="Top" ss:LineStyle="Continuous" ss:Weight="1"/>
   </Borders>
  </Style>
  <Style ss:ID="m14187700">
   <Alignment ss:Horizontal="Center" ss:Vertical="Bottom"/>
   <Borders>
    <Border ss:Position="Bottom" ss:LineStyle="Continuous" ss:Weight="1"/>
    <Border ss:Position="Left" ss:LineStyle="Continuous" ss:Weight="1"/>
    <Border ss:Position="Right" ss:LineStyle="Continuous" ss:Weight="1"/>
    <Border ss:Position="Top" ss:LineStyle="Continuous" ss:Weight="1"/>
   </Borders>
   <Interior ss:Color="#C0C0C0" ss:Pattern="Solid"/>
  </Style>
  <Style ss:ID="m14187710">
   <Alignment ss:Horizontal="Center" ss:Vertical="Bottom"/>
   <Borders>
    <Border ss:Position="Bottom" ss:LineStyle="Continuous" ss:Weight="1"/>
    <Border ss:Position="Left" ss:LineStyle="Continuous" ss:Weight="1"/>
    <Border ss:Position="Right" ss:LineStyle="Continuous" ss:Weight="1"/>
    <Border ss:Position="Top" ss:LineStyle="Continuous" ss:Weight="1"/>
   </Borders>
   <Interior ss:Color="#C0C0C0" ss:Pattern="Solid"/>
  </Style>
  <Style ss:ID="s28">
   <Borders>
    <Border ss:Position="Bottom" ss:LineStyle="Continuous" ss:Weight="1"/>
    <Border ss:Position="Left" ss:LineStyle="Continuous" ss:Weight="1"/>
    <Border ss:Position="Right" ss:LineStyle="Continuous" ss:Weight="1"/>
    <Border ss:Position="Top" ss:LineStyle="Continuous" ss:Weight="1"/>
   </Borders>
  </Style>
  <Style ss:ID="s29">
   <Borders>
    <Border ss:Position="Bottom" ss:LineStyle="Continuous" ss:Weight="1"/>
    <Border ss:Position="Left" ss:LineStyle="Continuous" ss:Weight="1"/>
    <Border ss:Position="Right" ss:LineStyle="Continuous" ss:Weight="1"/>
    <Border ss:Position="Top" ss:LineStyle="Continuous" ss:Weight="1"/>
   </Borders>
   <Font ss:FontName="Arial Cyr" x:CharSet="204" ss:Underline="Single"/>
  </Style>
  <Style ss:ID="s31">
   <Borders>
    <Border ss:Position="Bottom" ss:LineStyle="Continuous" ss:Weight="1"/>
    <Border ss:Position="Left" ss:LineStyle="Continuous" ss:Weight="1"/>
    <Border ss:Position="Right" ss:LineStyle="Continuous" ss:Weight="1"/>
    <Border ss:Position="Top" ss:LineStyle="Continuous" ss:Weight="1"/>
   </Borders>
   <Font ss:FontName="Arial Cyr" x:CharSet="204" ss:Italic="1"/>
  </Style>
  <Style ss:ID="s33">
   <Alignment ss:Horizontal="Center" ss:Vertical="Bottom"/>
   <Borders>
    <Border ss:Position="Bottom" ss:LineStyle="Continuous" ss:Weight="1"/>
    <Border ss:Position="Left" ss:LineStyle="Continuous" ss:Weight="1"/>
    <Border ss:Position="Right" ss:LineStyle="Continuous" ss:Weight="1"/>
    <Border ss:Position="Top" ss:LineStyle="Continuous" ss:Weight="1"/>
   </Borders>
  </Style>
  <Style ss:ID="s34">
   <Borders>
    <Border ss:Position="Bottom" ss:LineStyle="Continuous" ss:Weight="1"/>
    <Border ss:Position="Left" ss:LineStyle="Continuous" ss:Weight="1"/>
    <Border ss:Position="Right" ss:LineStyle="Continuous" ss:Weight="1"/>
    <Border ss:Position="Top" ss:LineStyle="Continuous" ss:Weight="1"/>
   </Borders>
   <Font ss:FontName="Arial Cyr" x:CharSet="204" ss:Bold="1"/>
  </Style>
  <Style ss:ID="s36">
   <Alignment ss:Horizontal="Left" ss:Vertical="Bottom"/>
   <Borders>
    <Border ss:Position="Bottom" ss:LineStyle="Continuous" ss:Weight="1"/>
    <Border ss:Position="Left" ss:LineStyle="Continuous" ss:Weight="1"/>
    <Border ss:Position="Right" ss:LineStyle="Continuous" ss:Weight="1"/>
    <Border ss:Position="Top" ss:LineStyle="Continuous" ss:Weight="1"/>
   </Borders>
  </Style>
  <Style ss:ID="s51">
   <Borders>
    <Border ss:Position="Bottom" ss:LineStyle="Continuous" ss:Weight="1"/>
    <Border ss:Position="Left" ss:LineStyle="Continuous" ss:Weight="1"/>
    <Border ss:Position="Right" ss:LineStyle="Continuous" ss:Weight="1"/>
    <Border ss:Position="Top" ss:LineStyle="Continuous" ss:Weight="1"/>
   </Borders>
   <Font ss:FontName="Arial Cyr" x:CharSet="204" ss:Italic="1"
    ss:Underline="Single"/>
   <Interior ss:Color="#FFFFCC" ss:Pattern="Solid"/>
  </Style>
  <Style ss:ID="s52">
   <Borders>
    <Border ss:Position="Bottom" ss:LineStyle="Continuous" ss:Weight="1"/>
    <Border ss:Position="Left" ss:LineStyle="Continuous" ss:Weight="1"/>
    <Border ss:Position="Right" ss:LineStyle="Continuous" ss:Weight="1"/>
    <Border ss:Position="Top" ss:LineStyle="Continuous" ss:Weight="1"/>
   </Borders>
   <Font ss:FontName="Arial Cyr" x:CharSet="204" ss:Italic="1"
    ss:Underline="Single"/>
   <Interior ss:Color="#CCFFFF" ss:Pattern="Solid"/>
  </Style>
  <Style ss:ID="s60">
   <Borders>
    <Border ss:Position="Bottom" ss:LineStyle="Continuous" ss:Weight="1"/>
    <Border ss:Position="Left" ss:LineStyle="Continuous" ss:Weight="1"/>
    <Border ss:Position="Right" ss:LineStyle="Continuous" ss:Weight="1"/>
    <Border ss:Position="Top" ss:LineStyle="Continuous" ss:Weight="1"/>
   </Borders>
   <Font ss:FontName="Arial Cyr" x:CharSet="204" ss:Italic="1"
    ss:Underline="Single"/>
   <Interior ss:Color="#CCFFCC" ss:Pattern="Solid"/>
  </Style>
  <Style ss:ID="s61">
   <Borders>
    <Border ss:Position="Bottom" ss:LineStyle="Continuous" ss:Weight="1"/>
    <Border ss:Position="Left" ss:LineStyle="Continuous" ss:Weight="1"/>
    <Border ss:Position="Right" ss:LineStyle="Continuous" ss:Weight="1"/>
    <Border ss:Position="Top" ss:LineStyle="Continuous" ss:Weight="1"/>
   </Borders>
   <Font ss:FontName="Arial Cyr" x:CharSet="204" ss:Italic="1"
    ss:Underline="Single"/>
   <Interior ss:Color="#FF6600" ss:Pattern="Solid"/>
  </Style>
  <Style ss:ID="s68">
   <Borders>
    <Border ss:Position="Bottom" ss:LineStyle="Continuous" ss:Weight="1"/>
    <Border ss:Position="Left" ss:LineStyle="Continuous" ss:Weight="1"/>
    <Border ss:Position="Right" ss:LineStyle="Continuous" ss:Weight="1"/>
    <Border ss:Position="Top" ss:LineStyle="Continuous" ss:Weight="1"/>
   </Borders>
   <Interior ss:Color="#C0C0C0" ss:Pattern="Solid"/>
  </Style>
  <Style ss:ID="s84">
   <Alignment ss:Horizontal="Right" ss:Vertical="Bottom"/>
   <Borders>
    <Border ss:Position="Bottom" ss:LineStyle="Continuous" ss:Weight="1"/>
    <Border ss:Position="Left" ss:LineStyle="Continuous" ss:Weight="1"/>
    <Border ss:Position="Right" ss:LineStyle="Continuous" ss:Weight="1"/>
    <Border ss:Position="Top" ss:LineStyle="Continuous" ss:Weight="1"/>
   </Borders>
   <Font ss:FontName="Courier" x:CharSet="204" x:Family="Roman" ss:Size="12"
    ss:Color="#339966" ss:Bold="1"/>
  </Style>
  <Style ss:ID="s85">
   <Alignment ss:Horizontal="Center" ss:Vertical="Bottom"/>
   <Borders>
    <Border ss:Position="Bottom" ss:LineStyle="Continuous" ss:Weight="1"/>
    <Border ss:Position="Left" ss:LineStyle="Continuous" ss:Weight="1"/>
    <Border ss:Position="Right" ss:LineStyle="Continuous" ss:Weight="1"/>
    <Border ss:Position="Top" ss:LineStyle="Continuous" ss:Weight="1"/>
   </Borders>
   <Font ss:FontName="Arial Narrow" x:CharSet="204" x:Family="Swiss" ss:Size="12"
    ss:Color="#FF6600" ss:Bold="1"/>
  </Style>
  <Style ss:ID="s86">
   <Borders>
    <Border ss:Position="Bottom" ss:LineStyle="Continuous" ss:Weight="1"/>
    <Border ss:Position="Left" ss:LineStyle="Continuous" ss:Weight="1"/>
    <Border ss:Position="Right" ss:LineStyle="Continuous" ss:Weight="1"/>
    <Border ss:Position="Top" ss:LineStyle="Continuous" ss:Weight="1"/>
   </Borders>
   <Font ss:FontName="Arial Cyr" x:CharSet="204" ss:Size="12" ss:Color="#800000"
    ss:Bold="1"/>
  </Style>
 </Styles>
 <Worksheet ss:Name="List1">
  <Table ss:ExpandedColumnCount="7" ss:ExpandedRowCount="6" x:FullColumns="1"
   x:FullRows="1">
   <Column ss:AutoFitWidth="0" ss:Width="88.5"/>
   <Column ss:AutoFitWidth="0" ss:Width="23.25"/>
   <Column ss:Index="6" ss:AutoFitWidth="0" ss:Width="29.25"/>
   <Column ss:AutoFitWidth="0" ss:Width="27"/>
   <Row ss:AutoFitHeight="0" ss:Height="18">
    <Cell ss:MergeAcross="1" ss:StyleID="m14182892"><Data ss:Type="String">Item1</Data></Cell>
    <Cell ss:MergeAcross="4" ss:StyleID="m14182902"><Data ss:Type="String">Item2</Data></Cell>
   </Row>
   <Row ss:Height="15.75">
    <Cell ss:StyleID="s28"><Data ss:Type="String">Test</Data></Cell>
    <Cell ss:StyleID="s28"><Data ss:Type="Number">123</Data></Cell>
    <Cell ss:StyleID="s29"><Data ss:Type="String">Test</Data></Cell>
    <Cell ss:StyleID="s86"><Data ss:Type="String">Test</Data></Cell>
    <Cell ss:StyleID="s28"><Data ss:Type="Number">1</Data></Cell>
    <Cell ss:StyleID="s28"/>
    <Cell ss:StyleID="s28"><Data ss:Type="Number">1</Data></Cell>
   </Row>
   <Row ss:Height="15.75">
    <Cell ss:StyleID="s28"><Data ss:Type="String">Test</Data></Cell>
    <Cell ss:StyleID="s28"><Data ss:Type="Number">123</Data></Cell>
    <Cell ss:StyleID="s31"><Data ss:Type="String">Test</Data></Cell>
    <Cell ss:StyleID="s85"><Data ss:Type="String">Test</Data></Cell>
    <Cell ss:StyleID="s33"><Data ss:Type="Number">2</Data></Cell>
    <Cell ss:StyleID="s28"/>
    <Cell ss:StyleID="s28"><Data ss:Type="Number">2</Data></Cell>
   </Row>
   <Row ss:Height="15">
    <Cell ss:StyleID="s28"><Data ss:Type="String">Test</Data></Cell>
    <Cell ss:StyleID="s28"><Data ss:Type="Number">123</Data></Cell>
    <Cell ss:StyleID="s34"><Data ss:Type="String">Test</Data></Cell>
    <Cell ss:StyleID="s84"><Data ss:Type="String">Test</Data></Cell>
    <Cell ss:StyleID="s36"><Data ss:Type="Number">3</Data></Cell>
    <Cell ss:StyleID="s28"/>
    <Cell ss:StyleID="s28"><Data ss:Type="Number">3</Data></Cell>
   </Row>
   <Row>
    <Cell ss:MergeAcross="1" ss:MergeDown="1" ss:StyleID="m14182912"><Data
      ss:Type="String">TEST</Data></Cell>
    <Cell ss:MergeAcross="2" ss:StyleID="m14182922"><Data ss:Type="String">Testo</Data></Cell>
    <Cell ss:StyleID="s51"><Data ss:Type="Number">1</Data></Cell>
    <Cell ss:StyleID="s52"><Data ss:Type="Number">2</Data></Cell>
   </Row>
   <Row>
    <Cell ss:Index="3" ss:MergeAcross="2" ss:StyleID="m14182932"><Data
      ss:Type="String">Testo</Data></Cell>
    <Cell ss:StyleID="s60"><Data ss:Type="Number">3</Data></Cell>
    <Cell ss:StyleID="s61"><Data ss:Type="Number">4</Data></Cell>
   </Row>
  </Table>
  <WorksheetOptions xmlns="urn:schemas-microsoft-com:office:excel">
   <PageSetup>
    <PageMargins x:Bottom="0.984251969" x:Left="0.78740157499999996"
     x:Right="0.78740157499999996" x:Top="0.984251969"/>
   </PageSetup>
   <Print>
    <ValidPrinterInfo/>
    <PaperSizeIndex>9</PaperSizeIndex>
    <HorizontalResolution>300</HorizontalResolution>
    <VerticalResolution>300</VerticalResolution>
   </Print>
   <Selected/>
   <Panes>
    <Pane>
     <Number>3</Number>
     <ActiveRow>12</ActiveRow>
     <ActiveCol>7</ActiveCol>
    </Pane>
   </Panes>
   <ProtectObjects>False</ProtectObjects>
   <ProtectScenarios>False</ProtectScenarios>
  </WorksheetOptions>
 </Worksheet>
 <Worksheet ss:Name="List2">
  <Table ss:ExpandedColumnCount="5" ss:ExpandedRowCount="4" x:FullColumns="1"
   x:FullRows="1">
   <Column ss:AutoFitWidth="0" ss:Width="36"/>
   <Column ss:Index="3" ss:AutoFitWidth="0" ss:Width="64.5"/>
   <Row>
    <Cell ss:MergeAcross="1" ss:StyleID="m14187700"><Data ss:Type="String">name1</Data></Cell>
    <Cell ss:MergeAcross="1" ss:StyleID="m14187710"><Data ss:Type="String">name2</Data></Cell>
    <Cell ss:StyleID="s68"><Data ss:Type="String">name3</Data></Cell>
   </Row>
   <Row>
    <Cell ss:StyleID="s28"><Data ss:Type="String">test</Data></Cell>
    <Cell ss:StyleID="s28"><Data ss:Type="String">test</Data></Cell>
    <Cell ss:StyleID="s28"><Data ss:Type="String">test</Data></Cell>
    <Cell ss:StyleID="s28"><Data ss:Type="String">test</Data></Cell>
    <Cell ss:StyleID="s28"><Data ss:Type="String">test</Data></Cell>
   </Row>
   <Row>
    <Cell ss:StyleID="s28"><Data ss:Type="Number">12345</Data></Cell>
    <Cell ss:StyleID="s28"><Data ss:Type="Number">12345</Data></Cell>
    <Cell ss:StyleID="s28"><Data ss:Type="Number">12345</Data></Cell>
    <Cell ss:StyleID="s28"><Data ss:Type="Number">123</Data></Cell>
    <Cell ss:StyleID="s28"><Data ss:Type="Number">123</Data></Cell>
   </Row>
   <Row>
    <Cell ss:StyleID="s28"><Data ss:Type="String">test</Data></Cell>
    <Cell ss:StyleID="s28"><Data ss:Type="String">test</Data></Cell>
    <Cell ss:StyleID="s28"><Data ss:Type="String">test</Data></Cell>
    <Cell ss:StyleID="s28"><Data ss:Type="String">test</Data></Cell>
    <Cell ss:StyleID="s28"><Data ss:Type="String">test</Data></Cell>
   </Row>
  </Table>
  <WorksheetOptions xmlns="urn:schemas-microsoft-com:office:excel">
   <PageSetup>
    <PageMargins x:Bottom="0.984251969" x:Left="0.78740157499999996"
     x:Right="0.78740157499999996" x:Top="0.984251969"/>
   </PageSetup>
   <Panes>
    <Pane>
     <Number>3</Number>
     <ActiveRow>10</ActiveRow>
     <ActiveCol>4</ActiveCol>
    </Pane>
   </Panes>
   <ProtectObjects>False</ProtectObjects>
   <ProtectScenarios>False</ProtectScenarios>
  </WorksheetOptions>
 </Worksheet>
 <Worksheet ss:Name="Лист3">
  <WorksheetOptions xmlns="urn:schemas-microsoft-com:office:excel">
   <PageSetup>
    <PageMargins x:Bottom="0.984251969" x:Left="0.78740157499999996"
     x:Right="0.78740157499999996" x:Top="0.984251969"/>
   </PageSetup>
   <ProtectObjects>False</ProtectObjects>
   <ProtectScenarios>False</ProtectScenarios>
  </WorksheetOptions>
 </Worksheet>
</Workbook>
