<config upload="./upload/" path="../" url="../">

	<formspath>./forms/</formspath>
	<default_location>index.php</default_location>

	<forms>
		<adminpath>./forms/admin/</adminpath>
		<userpath>./forms/user/</userpath>
		<admintemplate>./templates/form.htm</admintemplate>
		<sitepath>./forms/</sitepath>
		<sitetemplate>./admin/templates/form.htm</sitetemplate>
	</forms>

	<database type="mysql">
		<server>localhost</server>
		<login>root</login>
		<password>cats</password>
		<default>mvander_construction</default>
	</database>

	<tables>
		<table name="taskstatus">site_task_status</table>
		<table name="taskcats">site_task_cats</table>
		<table name="taskcomments">site_task_comments</table>
		<table name="projects">site_projects</table>
		<table name="tasks">site_tasks</table>
		<table name="users">site_users</table>
		<table name="vars">site_vars</table>
	</tables>

	<templates path="./templates/">
		<admin path="./templates/admin/">
			<template name="login">login.htm</template>
			<template name="layout">layout.htm</template>
		</admin>
	</templates>
</config>